machine_id,series,shift,operator,temp_zone1,temp_zone2,pressure_main,processing_time,humidity,defect_flag
M0000,Series-C,Evening,Op-3,201.1422764866204,169.89764063634198,5.165990165284508,42.81640131979702,44.23271797139722,0
M0001,Series-A,Evening,Op-3,201.50301761461878,184.18491243335703,5.095249839889533,44.66933692687089,59.91262218997767,0
M0002,Series-C,Night,Op-3,196.36387787786146,167.46979420110364,5.354725908569519,55.49860894583258,59.62235815735872,0
M0003,Series-C,Evening,Op-3,199.4305437627893,212.17723691660083,4.782256814715078,43.76487149627002,52.990178594148944,0
M0004,Series-A,Morning,Op-4,203.0780176889206,162.1860237145573,5.2565528990880415,43.20829923989389,56.08828119354947,0
M0005,Series-A,Morning,Op-1,182.89831607343373,184.6473106534054,4.870226661208042,41.7622909718242,54.302003225674,0
M0006,Series-C,Morning,Op-4,186.51814577894288,189.50665321398148,5.369405240443752,48.720959857499686,51.863164380789364,0
M0007,Series-B,Night,Op-4,207.43264094022715,186.2069864617725,5.307683742006526,44.09387913390948,41.06695993977795,0
M0008,Series-C,Evening,Op-3,201.70865438127942,177.22068511683437,4.532280648977703,41.75313480839287,49.095286851053224,0
M0009,Series-C,Morning,Op-2,198.1601666364732,178.0526895039986,5.542991058087516,51.60652016136506,53.49572604334821,0
M0010,Series-C,Night,Op-2,200.18433933065393,180.65717207968663,4.732018277442976,52.098015022568184,53.55063227767369,1
M0011,Series-C,Evening,Op-4,203.4758170536167,177.79496997557268,5.404028899140573,41.99788217130647,47.46245236844767,0
M0012,Series-A,Night,Op-4,194.60240319690638,194.45818675192365,5.183643656700671,35.66730024319692,58.83383973316061,0
M0013,Series-C,Morning,Op-3,192.21695274597687,213.15784502387027,5.919091838397561,50.03756844918461,43.34714064473562,0
M0014,Series-B,Morning,Op-4,201.9584525509768,171.6376232248825,4.888267008814074,41.57685087119998,50.007188924311215,1
M0015,Series-A,Morning,Op-3,190.21627222384967,159.45295530631384,4.8253416019409014,48.953127995813844,53.81767953101645,0
M0016,Series-B,Night,Op-2,204.08252755714472,178.67576927473118,4.990290197056134,35.14948091144082,53.942716117836184,0
M0017,Series-B,Night,Op-2,182.97416395762158,218.69564006481477,4.848410108582862,49.462986691496546,52.972779135376314,0
M0018,Series-B,Morning,Op-1,210.29155637325644,167.94488148045403,5.399970950971025,38.9441403535961,45.5057642690372,0
M0019,Series-B,Night,Op-2,204.72597482413042,204.58675208166102,4.191844695781706,48.653820595332625,43.12413137373244,0
M0020,Series-A,Morning,Op-4,202.56029734313876,205.16551221114662,4.473158790426822,45.07136533918217,52.71880653653422,0
M0021,Series-A,Morning,Op-2,209.82690983945514,171.6961763743801,4.466098539210403,40.23030290301678,51.986042322788755,0
M0022,Series-B,Evening,Op-3,216.65474444462578,188.53474618777912,5.475153795986788,42.9648184353661,43.58712020578482,0
M0023,Series-B,Night,Op-2,210.1437006501813,204.42594934692806,5.855306686290962,48.431592284783505,54.10278291141127,0
M0024,Series-A,Morning,Op-1,181.59125768668355,174.3130838851877,4.947775390731264,45.529472265576175,49.103439834673125,0
M0025,Series-A,Morning,Op-2,187.204230332643,176.94629459846456,4.915589138404995,47.92206490236242,53.355211832063056,0
M0026,Series-A,Night,Op-3,193.7518142230432,171.27478629077035,5.035026081556591,54.88220292257743,56.747341595403014,0
M0027,Series-C,Evening,Op-3,200.26091050210835,164.778649039607,5.580939151304095,37.17879194144474,43.394568571538464,0
M0028,Series-C,Evening,Op-4,205.17659020469122,170.26083682400989,4.536323432904713,53.08606287484312,40.382897359936734,1
M0029,Series-C,Morning,Op-2,192.74256186846534,161.64089599856615,5.119184491367393,45.52177968761607,55.58205172791573,0
M0030,Series-B,Night,Op-3,201.8676676447708,180.5112520238884,5.487598814891215,40.50607975838436,52.19394850305232,0
M0031,Series-C,Evening,Op-1,192.44617067646678,168.45040153412037,5.250547084969923,38.34843187130505,53.992791392442435,0
M0032,Series-B,Night,Op-4,193.8848219700805,183.50678867686122,5.094790808299372,44.054398046114834,56.76309949977285,0
M0033,Series-B,Night,Op-1,185.93338903151778,156.6615653069456,5.50052304628357,49.6082505596223,56.056218696490006,0
M0034,Series-C,Morning,Op-2,190.76766753889095,184.96320348321686,3.6483838535003814,44.36225439811233,59.218402938576496,1
M0035,Series-B,Evening,Op-2,186.48315394383667,192.50293442413388,5.338937659765453,52.55577465123674,50.71870157704237,0
M0036,Series-C,Morning,Op-2,190.24126747022666,150.09396536142816,4.672962158436288,37.744121549742204,49.769912653198105,0
M0037,Series-C,Evening,Op-4,210.5364179660784,185.61084854771357,4.084683551571771,44.93955526076973,48.0377439978146,1
M0038,Series-A,Evening,Op-3,190.50601111168058,198.41503488709938,5.255601299762491,38.73803277793441,43.07382085688409,0
M0039,Series-C,Evening,Op-4,226.3238206483739,161.85538471963193,5.686829272581479,46.81815941312484,51.452144657640446,0
M0040,Series-A,Evening,Op-1,204.9331790088089,205.08858580256555,4.931275742686154,49.4344369504865,45.540250486519575,0
M0041,Series-C,Evening,Op-4,201.84836123694873,186.28528514049069,5.476437273601469,42.89619103159473,58.42615024425951,0
M0042,Series-C,Night,Op-1,191.41642219818786,169.42482216362387,5.806139128994323,31.97893071686433,51.66381608554195,0
M0043,Series-A,Morning,Op-4,207.0030987940899,179.16346383513442,5.657457226792023,45.994740733982475,51.8568036101622,1
M0044,Series-A,Night,Op-3,194.24362173762225,188.37490368782585,5.819982264685697,47.18369275866755,47.0984932175402,0
M0045,Series-C,Evening,Op-1,201.2200981464536,181.14008087118617,5.371063745535946,47.021473774808484,41.03978703955415,0
M0046,Series-B,Morning,Op-2,225.60084538268794,188.08133988669553,5.037716819450797,51.17891095911077,40.63487530745977,0
M0047,Series-A,Evening,Op-2,199.0394010027535,166.1898961038095,4.199017094051416,39.644731601754756,48.46670288306395,0
M0048,Series-B,Morning,Op-4,211.49273326285675,182.54041236054118,4.876968755935025,48.40108052725225,41.691307561944754,0
M0049,Series-B,Night,Op-2,192.96823574874114,158.7942825464253,4.578376702341904,50.962537562389876,52.136939110802786,0
M0050,Series-B,Morning,Op-1,199.65011509503037,178.3316090797695,6.085471358748907,36.10706207996741,57.61946011279315,0
M0051,Series-A,Morning,Op-2,217.7080063563551,166.44138537802814,4.912057093783831,46.59825912959489,57.65829633037444,0
M0052,Series-B,Morning,Op-3,193.73032942212234,168.9670508611535,5.061602403392243,42.47910084496164,53.180908202644645,0
M0053,Series-A,Morning,Op-3,218.12448557996927,198.54139762815657,5.275742688020234,44.592386634491774,44.22463662945862,0
M0054,Series-B,Morning,Op-4,207.07751935455477,196.36965180891403,5.021801223186227,46.73838241769168,57.25993662717744,0
M0055,Series-C,Evening,Op-1,194.37533224105732,189.13707181360766,5.847525520215377,42.56385717943224,57.72186870626416,0
M0056,Series-C,Morning,Op-3,206.3240773905552,163.61530852991132,4.688675319132774,41.62145960419194,43.93307169905918,0
M0057,Series-A,Morning,Op-3,209.7255444962673,175.25387325457797,5.0973037276186215,45.170762087440124,54.748521715413546,0
M0058,Series-C,Night,Op-1,206.21809962217196,198.19646549968775,4.628764707150976,39.563770305685985,45.73039097854246,0
M0059,Series-C,Morning,Op-2,184.29775280109544,182.12575370459857,4.339988744389647,39.57087435557407,56.05280624705859,0
M0060,Series-B,Night,Op-2,192.72862824175132,214.7899430997254,4.694115454547357,48.396866414782515,59.944757998072056,0
M0061,Series-A,Evening,Op-4,197.52481364448496,185.8997675909156,4.981481601475794,39.25602982420672,40.60052010658786,0
M0062,Series-B,Morning,Op-2,199.25566570899954,182.88073674735048,4.78534888774137,48.331562504546056,57.94731731581864,0
M0063,Series-B,Night,Op-1,206.20672097550678,175.36325303696248,4.653789510063072,47.31295646426975,52.45261067197316,0
M0064,Series-B,Night,Op-3,201.77701000933254,182.00311357173422,4.2968412681640835,36.37096635604701,59.467652383296425,1
M0065,Series-B,Evening,Op-2,186.64655641289897,177.71295245429184,4.958447213685653,41.61217673832172,49.30019035052855,0
M0066,Series-B,Morning,Op-4,203.80197851005963,190.62163015032885,4.247639812984499,50.97054701523686,56.947758611427474,1
M0067,Series-B,Morning,Op-2,206.10585745283822,194.35053475191876,5.380027981844801,40.09417234430159,41.24788137196555,0
M0068,Series-B,Night,Op-1,205.5979044793104,168.21015809238077,5.041219876467252,42.67797868845306,46.70558100156592,0
M0069,Series-A,Morning,Op-4,210.8078072555462,160.03150569663333,4.271224250267535,47.31030446625948,41.3403307550242,1
M0070,Series-C,Night,Op-2,208.33922154548904,152.45691940345054,4.845395461475068,48.91695254641298,59.50686266958141,0
M0071,Series-B,Morning,Op-4,204.59180079228437,187.61986990368817,4.623921797204709,43.74230556977752,56.339478145436736,0
M0072,Series-B,Night,Op-1,199.29834288541352,163.4495009073919,5.1595872552095905,42.012449026541795,57.05094842491941,0
M0073,Series-B,Morning,Op-3,183.39039066484008,147.70664110571275,5.670225223011572,52.11184930849254,58.75930462867788,0
M0074,Series-B,Evening,Op-1,204.29618219132587,185.82867906796446,4.062413765177128,53.6944983189879,41.702069722395706,0
M0075,Series-B,Morning,Op-1,202.0768768716311,217.39499276149186,5.057513039573709,49.89429025390898,47.711951850266665,1
M0076,Series-B,Morning,Op-1,202.71578837195372,179.9089363269016,4.9199336022166795,45.42659071282512,41.42069778088004,0
M0077,Series-C,Evening,Op-1,187.2325142417969,192.57736161677462,5.335670038225233,40.95867139179537,44.21586203100057,0
M0078,Series-C,Morning,Op-3,189.18943459591736,181.2274403782135,5.106598314118845,40.847777967217176,44.587315540753444,0
M0079,Series-B,Evening,Op-3,210.53152853332904,178.51665520213285,4.624015334130591,47.61257052632879,49.382144220951574,1
M0080,Series-C,Morning,Op-4,199.60444846143346,193.78614724481653,4.840473032166691,47.091991104443416,45.37124334907285,0
M0081,Series-A,Night,Op-2,206.81500697372624,175.64588183717024,4.601987071598256,52.007992964732146,42.01956213635522,1
M0082,Series-B,Night,Op-3,200.2831837613046,184.01088471107855,5.538003569299299,48.2522504626807,43.349821781882156,0
M0083,Series-A,Morning,Op-3,200.29756139495743,184.82546709294022,5.010655824335971,37.484598491200906,42.945511271041816,1
M0084,Series-A,Morning,Op-2,209.38283805976,169.97864319535427,5.950595342876504,50.25973808861459,59.46153595824597,0
M0085,Series-B,Morning,Op-3,194.83955271782625,194.88063524304783,4.969669593092689,40.00969686342793,55.185850138369474,0
M0086,Series-C,Night,Op-1,200.96120776940984,177.37560364956886,4.645796616544769,43.08014364023824,59.35522930539124,0
M0087,Series-A,Morning,Op-1,195.37724711294956,168.66382260760733,4.243142803693586,46.251001031258475,48.79480973015817,0
M0088,Series-B,Night,Op-2,195.65503772567683,188.04764765355606,4.098430161872027,54.978337448919824,45.56736963325313,1
M0089,Series-A,Evening,Op-4,196.9082787653136,166.52298027313444,4.207932028497255,60.549592780026806,55.96586394418373,0
M0090,Series-A,Night,Op-4,202.22133771633713,180.42271736053692,5.133563325505742,48.03361529568092,46.52507836082294,0
M0091,Series-A,Night,Op-2,195.21251378336524,179.86321505033695,5.254362511614967,44.08401690639806,45.98766747410696,1
M0092,Series-A,Evening,Op-2,212.5575612557352,196.28843348747367,4.209404648983933,47.67252824240275,44.65011984415662,1
M0093,Series-C,Night,Op-1,191.05392697780496,187.12047349319928,5.447519157038058,49.43827712936918,42.593579564484706,1
M0094,Series-A,Morning,Op-4,198.1312835583864,179.62459561882284,4.7584694741582805,43.39666187221404,45.12926122033532,1
M0095,Series-A,Morning,Op-3,195.60268941725826,192.2664944880043,5.073396505992775,53.97605677956161,47.106394969477755,1
M0096,Series-A,Night,Op-1,214.46977884353734,200.8531132352597,5.806110314127713,46.15035379595701,53.47988416291461,0
M0097,Series-C,Morning,Op-2,201.96554776511576,188.36715459527792,5.4484196579327655,47.48871544545697,41.25129684438903,0
M0098,Series-A,Night,Op-4,210.31844539468634,180.1552892976507,4.865734676047084,48.329621260272305,44.21013879330686,1
M0099,Series-A,Morning,Op-3,185.14439626963028,160.3224565147476,4.554403887292357,47.10793305307228,56.18047280583353,0
M0100,Series-C,Morning,Op-3,202.67050265869258,164.02329505386942,3.9240922993353475,49.194702502348065,42.93843847167542,1
M0101,Series-C,Night,Op-1,208.89630795623438,175.42162943467997,4.64042334037879,41.91373406726538,46.85290293045043,0
M0102,Series-C,Morning,Op-4,200.82283989275425,170.85731696761076,4.894434880586153,42.20849123026985,57.2931784371628,0
M0103,Series-A,Night,Op-4,210.6548037506535,177.19543045521831,4.506410236424408,39.49922883514152,43.098506222868856,1
M0104,Series-C,Morning,Op-2,194.82711549899628,180.8497488734566,4.934371516453847,47.19750615310113,41.6547367123638,0
M0105,Series-C,Morning,Op-4,214.0934744018558,187.94539131535097,5.038425941479384,48.89468251756057,49.69075990160022,0
M0106,Series-A,Evening,Op-4,222.9889812361925,178.94251832911362,4.887572009095961,47.28886433075943,46.04839022557073,1
M0107,Series-C,Evening,Op-1,196.37161439560342,187.29752465739304,4.67499870958827,53.372462166737684,51.26816728967708,0
M0108,Series-A,Night,Op-4,195.54497478599228,180.96711622215182,5.084327335983364,44.972019905854765,56.076097809669506,1
M0109,Series-B,Evening,Op-3,214.533844771177,150.36800150469193,5.220970324784704,48.34370827796256,42.742969763054866,0
M0110,Series-C,Night,Op-1,215.7957214573071,165.90996909271868,4.454800461278577,39.541495619303426,51.6139816910857,1
M0111,Series-B,Evening,Op-1,194.77139972846732,177.83868666417578,5.705466189873135,43.06450148762799,50.110175207797276,0
M0112,Series-A,Morning,Op-2,195.79813182904144,161.8545788573834,4.950705933857869,48.47768878782889,42.88157572026399,0
M0113,Series-C,Night,Op-4,197.18215391139492,188.99893094994306,5.009424811472424,49.24551055371572,52.479969710579645,0
M0114,Series-A,Night,Op-2,186.55549488965724,202.96126248515546,5.354107211628278,43.53016526167909,45.472808357215435,0
M0115,Series-B,Morning,Op-3,190.81348053515802,198.28142777545975,5.116608065631751,44.64200374070967,49.75668637088025,0
M0116,Series-A,Night,Op-1,189.95859233247933,176.79835693604687,5.476568316956622,37.410631266595956,41.645446485541235,0
M0117,Series-C,Night,Op-1,192.3220243489587,202.36089205274928,5.143562082600912,43.214853995966955,49.19168114427246,1
M0118,Series-C,Evening,Op-1,199.6531511261322,182.23001185803167,4.693781312679781,49.45191581759893,46.129269360856405,0
M0119,Series-B,Night,Op-3,202.3421473253652,174.9437104332294,5.180751762603051,47.876025080532834,56.44762422370709,0
M0120,Series-A,Morning,Op-3,215.50500492814078,170.7989600468859,4.4281368963396694,47.503328606906045,41.13957453994737,1
M0121,Series-C,Evening,Op-2,190.01645959261208,175.46295470267808,5.0542798528882615,45.248868435904804,48.3721454983666,0
M0122,Series-B,Evening,Op-2,209.84322398476584,174.17734772188157,4.9833850046777695,45.03531579314088,49.16862848262876,1
M0123,Series-C,Morning,Op-2,197.86011155774491,182.5562433356323,4.89594157136373,41.698394302632764,54.50012152598237,0
M0124,Series-C,Morning,Op-4,199.50536290347566,182.40860971574796,4.935731244280535,48.49414210101267,51.485751501804216,0
M0125,Series-A,Evening,Op-1,206.74819492166603,180.0456903023012,4.059075477251181,47.104864721946946,53.34424674388362,0
M0126,Series-C,Night,Op-1,188.772779784377,186.55407254619524,4.725637546129519,47.46009423996399,55.54098571303512,0
M0127,Series-A,Evening,Op-2,203.8240974618405,197.85969412179512,5.0464224505705575,42.3698257866621,57.24405947316377,1
M0128,Series-C,Morning,Op-1,201.66452208213056,194.24331203161987,5.079928195998701,34.23328540064378,46.27750993444941,0
M0129,Series-B,Evening,Op-2,204.92451264008147,157.72653047325144,4.486162429537021,50.485763558768475,50.76045410727806,1
M0130,Series-C,Morning,Op-4,202.89168643907817,141.69118297647069,5.63285392043235,42.60581271995798,56.802161568784,0
M0131,Series-A,Evening,Op-4,224.55300139910895,194.0147986685891,4.56691257589275,40.686121179784394,59.78902261930113,1
M0132,Series-A,Night,Op-3,193.62260015748683,159.4968195237687,5.484728600263368,48.46739455956997,57.79038622087526,0
M0133,Series-B,Evening,Op-4,194.69003044998183,176.62851897160974,5.213597180935842,43.039936800404355,47.429345252487536,0
M0134,Series-C,Evening,Op-2,193.76859473575234,162.4483046091096,4.676886345078098,50.29968192023311,43.90333034437301,0
M0135,Series-C,Morning,Op-4,194.44522880839745,152.9702934362997,5.8876554463047555,48.08502974788349,49.787850748131774,0
M0136,Series-B,Morning,Op-3,193.62612872693484,188.12194092307183,4.40318158412176,48.417846616002386,54.832829036720845,1
M0137,Series-C,Morning,Op-1,211.89016531107552,191.3873274045397,5.459577086805001,38.17022144399733,49.85138141506595,0
M0138,Series-C,Evening,Op-2,214.20504247989854,171.3523439890992,5.500291159021489,51.059719926932004,49.66361726627337,0
M0139,Series-A,Night,Op-1,194.29253706250523,141.13436561782635,4.664689895461677,46.30625265616928,56.76460842163601,0
M0140,Series-C,Morning,Op-3,191.6764442689577,171.80633327621277,5.696232650032164,43.15361430376898,47.228075581343724,0
M0141,Series-C,Morning,Op-3,204.71415556386404,185.8770600810382,4.8749767427005235,45.716942336711256,57.19589349623291,1
M0142,Series-B,Evening,Op-3,194.47776955719027,157.81632646838807,5.1443468146399285,36.1188238355084,48.13609601903447,0
M0143,Series-B,Morning,Op-1,206.3293181775551,182.75039879668734,5.13016091938561,47.043264057403356,46.56466211356679,0
M0144,Series-A,Night,Op-1,202.02923020851298,179.77035226240505,4.932845629264726,39.85314245908964,49.07979822399398,0
M0145,Series-C,Night,Op-1,184.84255885002767,188.68937249401634,5.405404136579891,38.23664857078233,55.24893917349737,0
M0146,Series-C,Morning,Op-1,215.47505201330063,181.7937055262123,5.396744360276107,37.38820406891055,42.520040557279884,0
M0147,Series-C,Morning,Op-3,217.9587767309552,165.40396588677666,4.125734013380909,50.563441874949625,43.92838431744035,1
M0148,Series-A,Evening,Op-3,193.87211309515615,197.94857252496737,5.6521701214390765,41.85368303153606,59.02889651326184,0
M0149,Series-A,Night,Op-2,196.12298440064015,177.62205640459544,4.168754005982163,52.6686385495825,43.50983254762715,0
M0150,Series-B,Night,Op-2,202.85865390724905,179.59043190735102,5.516273102170828,42.32099268473851,51.35454635862109,0
M0151,Series-A,Morning,Op-1,203.34456789987024,166.00098061390207,5.563352568413792,36.463210212035264,51.58628933323876,1
M0152,Series-C,Evening,Op-4,206.5854427267283,173.35076623212734,4.454516784892401,39.4173778002567,49.792489241004894,0
M0153,Series-C,Night,Op-4,220.1020453876635,166.7279592895965,4.794592856022708,51.179058100034695,52.89490497153637,0
M0154,Series-A,Night,Op-3,198.23052772505952,177.40580910114866,4.447147665757032,44.22050911031666,44.59653451595237,1
M0155,Series-C,Evening,Op-3,192.01702755461545,205.67562720213516,4.892539484855632,42.258563517546996,51.05324535553496,0
M0156,Series-C,Evening,Op-3,186.20680771985474,159.42148285602966,4.84598285790713,45.80009112926394,47.44346510493794,0
M0157,Series-A,Night,Op-2,192.6906996005808,155.7965790318489,5.38983026613467,47.50891368083772,53.23334519258378,0
M0158,Series-A,Night,Op-2,199.66873027126204,202.06755491240412,5.655154373059805,50.5869940795123,42.82447086746299,0
M0159,Series-C,Evening,Op-3,217.94557863517787,176.860144842722,5.697841905394978,52.24249614946463,51.41754833678952,0
M0160,Series-C,Night,Op-3,194.8238870096383,169.96390892010126,4.718915986710849,43.20115677105457,43.705407107666474,0
M0161,Series-C,Morning,Op-3,202.23787951638897,195.59857031094114,4.895389063127736,38.369761569589805,45.57286126230073,0
M0162,Series-B,Morning,Op-4,199.8357710392725,170.91576690394703,4.1582809038895245,42.93267419438362,44.374196006471664,0
M0163,Series-B,Evening,Op-2,211.88393273448085,207.39014570320404,4.597064966751906,46.30140253291443,43.65675559737634,1
M0164,Series-B,Evening,Op-4,225.26932425873622,190.16888807008903,5.482425816548729,40.18120536894695,56.51421903121334,1
M0165,Series-A,Evening,Op-4,194.6913122707968,172.68132887781445,5.807791411774116,40.21424542552479,45.71415135321781,0
M0166,Series-B,Morning,Op-3,195.1056055748178,212.35962319898255,4.382825564060039,46.718939407749424,58.54247563728899,1
M0167,Series-A,Night,Op-3,210.44160877069072,170.91427615494993,4.703767870423553,44.75673824214775,59.39853050690382,1
M0168,Series-A,Morning,Op-1,206.81891489626312,191.1314305801396,4.986797121520537,45.163984977057936,51.42520939874195,0
M0169,Series-B,Night,Op-1,218.46707325736034,184.48938870609737,5.140080579409803,41.207523326499654,42.86002245331453,0
M0170,Series-B,Morning,Op-4,205.83928185325965,199.52611934098198,4.595198240039177,43.847996428971165,47.49096486759163,0
M0171,Series-B,Night,Op-2,196.4070790921294,203.4226679509028,5.212030522232045,40.37883427865848,55.95464526696428,0
M0172,Series-C,Morning,Op-3,205.9065483069231,180.4800622359865,4.763080326464542,49.450992055623935,47.347814573941406,0
M0173,Series-B,Evening,Op-3,211.0870358058291,168.69873194480724,4.992773864560861,50.17624667361876,41.74034436605577,0
M0174,Series-C,Morning,Op-4,208.20482181197363,186.89958214408674,5.27314212400185,35.76906068880953,51.13569821856376,1
M0175,Series-A,Night,Op-1,205.07274031107298,169.8342694537184,5.003211134905469,40.35244569903795,56.9024170299207,0
M0176,Series-C,Morning,Op-2,210.66674689589155,210.20080871289935,4.781807054736715,37.51735372454961,55.91852774287005,0
M0177,Series-B,Morning,Op-1,211.69295590445674,182.04802996624107,4.945195098037084,41.749880327965506,43.50246280260706,0
M0178,Series-A,Morning,Op-1,213.82158991037528,174.52017673031838,4.955818520397332,44.58281015104819,53.45529228824933,0
M0179,Series-A,Evening,Op-1,206.48709887589644,182.77020458797364,4.814994485058936,37.75177390150735,44.41008526871294,0
M0180,Series-A,Morning,Op-1,198.32881919683146,159.79310565705455,4.870601968666449,40.390700934373434,44.36415069104344,0
M0181,Series-C,Evening,Op-3,201.46713686433324,165.42578942234022,5.799323585252359,39.98021313959251,57.481435466103704,0
M0182,Series-B,Evening,Op-3,212.06508966508358,198.0062086191664,5.280459723970619,46.03633664699472,44.993379054804606,1
M0183,Series-A,Morning,Op-1,191.83064329012763,170.14658581542906,4.85225984098542,45.34672168518125,45.264946930360225,0
M0184,Series-A,Morning,Op-2,203.686733088729,164.2963352597709,5.348477202255368,41.391312233313734,40.013067815225995,0
M0185,Series-A,Morning,Op-4,196.0666118767264,188.0497912879093,4.833090255121995,45.88410436069699,57.41338068251035,1
M0186,Series-C,Night,Op-2,200.28744822934817,197.78556231994494,5.58656231879332,42.26659957706367,55.85189626418269,0
M0187,Series-C,Morning,Op-2,212.78451862607298,190.784299659976,5.184821096099047,43.641724448369736,52.54657870181356,0
M0188,Series-B,Evening,Op-2,201.91099068019903,194.94071528708724,4.946348927997885,53.36726045149268,55.00531527877685,0
M0189,Series-C,Morning,Op-1,200.4643654815615,168.6480736714581,5.223858462905139,51.70230525895174,43.04097134848983,0
M0190,Series-A,Night,Op-3,186.4014385902008,158.67283999887235,4.21456192396575,38.50209381536201,49.166471891751506,0
M0191,Series-B,Morning,Op-2,207.4625356602722,202.5200047793323,4.436616265545098,49.14866208939587,47.02438774697562,1
M0192,Series-A,Night,Op-1,206.45484181141074,175.15980241736796,4.403037496800472,49.056982772457964,41.87553052514033,0
M0193,Series-A,Night,Op-2,221.6325472330546,176.23750475317428,5.0714715473818535,39.25868355623691,49.722609704298485,0
M0194,Series-C,Morning,Op-2,196.92221765047,199.92291212773586,5.866257499742546,49.0938882187743,58.414793006852705,0
M0195,Series-B,Evening,Op-1,202.1915032766394,188.3434501410099,6.115650073096316,52.68965959206277,40.80118238101389,0
M0196,Series-C,Night,Op-3,202.49383683710755,186.83831658122412,5.3190255507203785,39.38727596877793,45.82921826987588,0
M0197,Series-C,Morning,Op-3,215.77453279763475,212.47503517351626,5.250422237472229,40.41248589492868,44.15081872411407,0
M0198,Series-B,Morning,Op-4,199.04704467613047,170.34722654429785,4.099471132923631,50.08830733421751,44.762933073313924,0
M0199,Series-A,Evening,Op-1,202.79021525770338,193.91760192121856,4.728663100132989,46.35747655412824,58.16869103758751,0
M0200,Series-A,Night,Op-4,206.0789650971654,180.85519687345626,4.60610812404588,47.757381376197614,49.3613810846858,0
M0201,Series-B,Night,Op-4,201.8660912315636,184.02888418294887,4.689576200874442,46.702946082002484,49.32598825879638,1
M0202,Series-A,Morning,Op-4,195.53566385449471,202.92702639618798,4.915928090707605,46.95347960464072,55.211512849105645,1
M0203,Series-B,Morning,Op-3,201.94089992898307,187.61753634434436,4.763954711151436,38.367639358444585,43.089844080098516,0
M0204,Series-B,Evening,Op-1,210.7363174985977,188.0744411857445,4.0103500948121065,50.236588533107245,49.74530708200101,1
M0205,Series-C,Evening,Op-4,189.7348470058894,196.08761005964703,5.373955128058767,50.84794996213887,48.59970428242119,0
M0206,Series-B,Night,Op-1,201.32969674146875,174.52570905685673,4.463628487130097,43.853046279659864,51.93821381093312,1
M0207,Series-C,Night,Op-1,192.99879185060826,167.4118549899149,5.119623432055575,44.78261525093069,59.99115406500877,0
M0208,Series-A,Morning,Op-3,211.95046628924842,164.3278620896845,6.037041334874987,37.344462487221385,55.38897788164094,0
M0209,Series-A,Night,Op-4,184.76813095216227,150.50465115935998,4.540307704206788,47.57127378008917,47.957314060348544,0
M0210,Series-A,Evening,Op-4,194.41078152728412,210.84310694910482,3.7348562386268354,47.86028720857072,56.55106104548094,0
M0211,Series-A,Evening,Op-1,203.7721187506452,163.45187451417476,4.856997889059945,44.68904491500344,43.414167266249606,0
M0212,Series-C,Morning,Op-2,215.6552402923434,176.6811956462134,5.550479817499285,50.621766799352514,40.609273726179204,0
M0213,Series-A,Evening,Op-3,199.34249738927014,175.8478005016662,5.979173727110297,43.3296138451003,44.08896744928546,0
M0214,Series-B,Evening,Op-3,194.44800473306802,184.6111004671365,4.385225202773792,47.823029629468,46.80823112228519,0
M0215,Series-B,Evening,Op-3,218.8115706944059,192.23605818808946,5.248349611618261,39.901678306539424,50.211615149191196,1
M0216,Series-B,Evening,Op-3,185.51986099583755,192.90710232539618,4.767344771609974,44.88223924562881,52.302582810824,1
M0217,Series-C,Morning,Op-4,178.01194043379917,171.25383842146593,4.947025822847932,44.12822871048582,58.21211434428844,0
M0218,Series-A,Morning,Op-4,204.40014450053332,177.49317429320382,6.322171673508517,46.12653961020471,50.19708019100916,0
M0219,Series-A,Night,Op-2,194.9794577564739,184.2386992573245,4.248514835802423,43.15236535583321,50.025512892514584,0
M0220,Series-A,Evening,Op-3,189.78767182869288,176.2696331072468,5.126869830747287,44.342637021641664,41.004860196459646,0
M0221,Series-C,Night,Op-3,207.08356447299354,204.11018364029988,5.233846585882716,49.13023585720753,40.69823105312447,0
M0222,Series-B,Morning,Op-1,202.438007137712,187.36462427457377,5.542893162469674,42.81617881380891,51.02319923832744,0
M0223,Series-B,Morning,Op-4,194.35921369263272,191.02316679074727,5.048991576735448,36.96711449630661,48.76357226496689,0
M0224,Series-A,Morning,Op-3,187.19695601329104,189.9432190300112,5.154025269752051,53.7479195210271,56.783607899605975,0
M0225,Series-B,Morning,Op-2,208.72457328280146,197.60210786227987,4.804175716289104,51.907270393452436,43.213591694236904,0
M0226,Series-B,Morning,Op-2,206.5020117795866,182.71532338055562,5.134563470622553,38.538686524471906,40.49943324234099,0
M0227,Series-C,Morning,Op-4,199.00824136220618,160.5475207806623,4.828403862251295,48.44853902622597,48.980775358602514,0
M0228,Series-C,Morning,Op-2,218.46636996047667,185.99531927628962,5.310785944928026,42.485126147243285,44.74957113504515,0
M0229,Series-C,Evening,Op-2,189.29915233673847,170.22964659312257,4.815194831978183,46.3174360766553,40.99228746677675,1
M0230,Series-C,Night,Op-4,184.74474829075263,172.07074977375365,5.188550196951093,46.471120645067465,54.49196573695258,0
M0231,Series-A,Morning,Op-3,193.08091930118755,188.7954602813264,4.985368593157511,43.82796099841839,42.23185999914495,0
M0232,Series-C,Evening,Op-3,199.54413983644503,198.57424607150455,5.563025125386084,41.08117167206802,52.16639000015543,0
M0233,Series-B,Evening,Op-2,202.43339449322693,180.31907365104092,4.974303138205757,41.5472947384187,45.62099500333778,1
M0234,Series-A,Night,Op-2,197.5876394214367,184.63249518898445,4.113483765896559,40.41904042259379,43.46992100710044,0
M0235,Series-B,Morning,Op-3,203.52055396514297,205.53322416952858,5.630960750356996,40.84088895884778,47.59503045838635,0
M0236,Series-B,Night,Op-4,187.48460575809557,183.61129769232852,4.547133849568691,44.66410854975322,56.02891552445907,0
M0237,Series-B,Morning,Op-2,214.4376460407326,219.02524671270592,4.67311683067559,41.42120005444624,47.84187153809145,0
M0238,Series-C,Evening,Op-1,199.1784882160743,188.48264468447317,4.702169352978254,48.4102603285631,55.015392984221116,0
M0239,Series-C,Evening,Op-4,211.1729583158813,153.58855861266272,5.687219046585408,52.436230776679636,42.50972593598301,0
M0240,Series-A,Evening,Op-2,203.42725346377705,191.30012431656797,3.932162893010652,42.09973379314979,55.45542839330158,1
M0241,Series-A,Evening,Op-2,204.56753219153785,185.71737577324166,6.568874266829997,46.19702250267689,44.73866649813297,0
M0242,Series-C,Night,Op-1,205.69767280232205,199.34629131124117,5.528028404533026,47.49842555151467,53.54786259777745,0
M0243,Series-B,Morning,Op-1,204.47708560017315,190.09772026904938,5.11161945706458,47.360011354596374,51.31563109681993,0
M0244,Series-A,Morning,Op-3,206.42722759867544,177.9231602402434,4.972552999691857,45.37977633958044,58.58289434423375,0
M0245,Series-C,Night,Op-4,213.29152530132433,161.63552645565952,5.142777037428829,48.71341209179861,47.746450359506284,0
M0246,Series-C,Morning,Op-4,201.9652116970147,176.8646511407096,5.26056121418967,47.41124476340329,41.32330377668881,0
M0247,Series-C,Evening,Op-3,207.09003757588513,167.2421931868605,5.322607792975028,38.81168788836351,40.38310971102506,0
M0248,Series-B,Morning,Op-4,199.10264305712772,171.29214825292917,5.277802233001724,49.345780321946364,56.53717121945506,0
M0249,Series-C,Evening,Op-4,214.40117215449473,188.82867606630916,5.044790340627625,49.43645418633371,50.49471275322864,1
M0250,Series-C,Night,Op-4,193.2360769794073,205.0485675652711,4.9013307898463365,41.18356947910709,55.50488103669898,0
M0251,Series-C,Morning,Op-4,218.00940432910815,185.92007294734472,4.924363358173244,45.18968917723801,44.6885120002303,1
M0252,Series-C,Night,Op-4,199.59842049355657,162.06175406947224,4.902545859823659,48.416644964055344,46.901674910264674,0
M0253,Series-A,Morning,Op-1,185.69224897881952,186.6690400233021,5.566885048433532,43.95343090210319,40.60207744422638,0
M0254,Series-A,Evening,Op-4,201.28104414910788,197.94947229968477,5.296778361140431,50.36489023883006,59.22984649148224,0
M0255,Series-C,Night,Op-1,193.18948342525118,170.85325643520926,3.5298056826678597,56.8193624730968,53.357358134016266,1
M0256,Series-B,Morning,Op-4,208.40643548988723,177.98974249990624,5.32795038826488,41.07006983682509,58.664101755186124,0
M0257,Series-A,Evening,Op-3,193.4737602069761,180.22032292093795,5.097368097359388,38.094776984231125,45.30992814858145,0
M0258,Series-C,Night,Op-2,195.5381656678522,168.2265253037664,4.990645621777051,46.51909297802438,52.22927222451322,0
M0259,Series-A,Night,Op-1,181.10459269054468,189.7242065076579,4.8057407734555575,48.60781252563072,53.56999936585276,0
M0260,Series-A,Morning,Op-4,195.47693680750922,178.18577777088328,5.562056359993007,43.845668130776154,46.35099400515177,0
M0261,Series-B,Morning,Op-3,175.76120673371042,186.29298665860543,5.473763231061429,52.266303316605175,56.962184700312605,0
M0262,Series-C,Morning,Op-2,184.16097176514276,166.6876173329685,4.613561166088195,38.30697100138376,58.943229258004955,0
M0263,Series-C,Evening,Op-1,207.60414656144297,173.43812549514885,5.203526143562268,48.46459311515805,57.69710235392009,0
M0264,Series-B,Morning,Op-2,207.85800158650832,190.83572036741657,4.514171632729357,41.970695896205534,54.78133951878745,0
M0265,Series-B,Night,Op-3,204.25457561784964,174.4075027186235,4.310190917605535,53.59688953103648,45.54929359449908,1
M0266,Series-C,Night,Op-1,190.33023856870787,205.9044577685011,4.686641387705017,54.962576765840595,45.632320842112634,0
M0267,Series-C,Morning,Op-2,199.5228864385802,174.00545721578098,5.43119673619138,41.16671706108326,59.26720640892076,0
M0268,Series-B,Morning,Op-4,199.96397460909432,183.3702708862783,5.476562522688043,42.2522143204571,40.205689918713844,0
M0269,Series-A,Night,Op-1,188.4163531080746,193.98886247809634,5.256542710048646,49.29793943489901,54.32099946484289,0
M0270,Series-A,Evening,Op-2,215.03398301767152,158.7245140060045,5.362547893423999,43.064346751052426,54.124923251105244,0
M0271,Series-B,Morning,Op-3,208.77362290575672,153.58786782028835,5.258089143557479,44.77294391033881,52.45379081899595,0
M0272,Series-A,Morning,Op-3,197.79035826170337,157.11515528144858,4.679259202388524,45.12694210271205,59.80217692173731,1
M0273,Series-B,Night,Op-1,200.2688583899453,198.93876155140774,5.21596127233697,35.40163421901172,46.237588715274505,0
M0274,Series-A,Morning,Op-2,202.08382807947552,171.7221278116133,5.400204762613841,44.93081126952881,46.79943727586496,0
M0275,Series-A,Evening,Op-1,179.5826513157571,218.37298928502378,5.377145664906787,41.55136112967913,41.57878805893111,0
M0276,Series-C,Night,Op-1,197.52822617479404,171.53628602013916,5.594456685737321,42.53438588800114,48.85596273087475,0
M0277,Series-C,Morning,Op-2,193.18015752002202,182.76826954795555,5.354151923600532,52.21816001734407,45.22097052469696,0
M0278,Series-A,Night,Op-2,189.98379990105084,203.13164928851813,5.175724103770792,38.71746552860372,46.867734043552886,0
M0279,Series-A,Morning,Op-4,197.18899707114045,210.09139332238684,5.535075119158214,49.06602593373989,56.691435805112555,0
M0280,Series-C,Morning,Op-2,217.97686526849523,210.92255364954596,4.98673937037547,43.60518534834096,58.70969027054991,1
M0281,Series-C,Morning,Op-3,206.4084286126701,198.12549345889713,4.559062674386141,43.60119915752083,43.71466144010371,0
M0282,Series-C,Evening,Op-1,194.28821010217203,195.36093788717193,4.918466518028118,48.951859480258555,47.45017863106932,0
M0283,Series-B,Evening,Op-1,205.72582781356158,188.88790423801774,4.627548677596775,46.70025647284445,58.57261124230788,1
M0284,Series-A,Night,Op-3,213.99355436586004,191.67541614249956,4.662410862512809,47.85306498609766,41.23616921378445,1
M0285,Series-C,Morning,Op-2,209.2463368291277,171.732214255072,4.927740664642241,49.84092330266431,41.84721056222757,0
M0286,Series-A,Morning,Op-3,200.59630369920174,167.7270167486654,4.603790039500019,43.34345808408339,43.25581978412459,1
M0287,Series-B,Evening,Op-3,193.53063222294426,179.9493831388357,4.84601923518048,41.93881632746125,51.90425668253749,0
M0288,Series-B,Morning,Op-4,206.9822331361359,177.44723066212606,4.053192666523107,39.57424736721101,43.00944542011995,0
M0289,Series-C,Evening,Op-3,203.9348538542175,173.20157926009088,5.1066468536864695,40.87294735010522,59.36152762901467,0
M0290,Series-B,Morning,Op-1,208.95193220027733,190.44581171185072,5.000602737681112,59.745472126543625,48.934290545170406,0
M0291,Series-A,Night,Op-3,206.3517180168197,194.32957812855767,4.591455684465904,51.22339790368393,50.03035920700333,0
M0292,Series-C,Morning,Op-1,210.49552715319336,181.3261032943777,5.329622834216202,38.24462816895989,44.93317231610813,0
M0293,Series-A,Morning,Op-1,194.64764788439433,202.1629512158289,5.468785068813279,38.38771021628215,49.41920504869467,0
M0294,Series-A,Evening,Op-1,213.17394065634326,162.87466328799744,4.196220067815513,47.40933030859246,53.23827265274023,1
M0295,Series-B,Morning,Op-2,201.975996046924,177.09510811080423,4.618637610716893,47.736323986889836,55.02354273908085,1
M0296,Series-B,Morning,Op-4,220.75260872625265,169.24766519095792,4.615428825106351,47.744419176586824,55.07736165419826,1
M0297,Series-B,Evening,Op-1,193.10812181910433,152.0019507439041,4.530048449445568,43.72522103223151,51.55782225388177,0
M0298,Series-B,Night,Op-1,217.35963803165248,178.75978971235952,5.414737420965874,44.3727286999855,58.08719549987715,0
M0299,Series-B,Night,Op-2,201.9791078346265,178.17378737425074,4.903086930613599,46.639397620796785,56.34815694612219,0
M0300,Series-C,Evening,Op-1,193.4858199638555,202.70174614863197,4.867742579344695,45.429465031466655,55.14096229397251,0
M0301,Series-A,Evening,Op-3,195.16114165945677,189.46217526832166,3.9980688177966233,33.90349813626232,41.11211043360921,1
M0302,Series-A,Evening,Op-3,196.7965269180568,164.63719763506194,5.317709015104613,43.85100184712403,40.13755924439299,0
M0303,Series-A,Evening,Op-4,204.24165946401916,207.81138849501284,4.380370802573264,40.74296782869843,44.24894554390946,1
M0304,Series-A,Evening,Op-1,205.228354880355,198.3155054328803,5.029966315133164,45.87605709454256,53.27047187826905,0
M0305,Series-B,Night,Op-2,194.26299996061422,188.73146555202925,5.138688468979096,59.926295013017054,48.223949777650915,0
M0306,Series-A,Night,Op-3,199.75645407739017,176.60273851725253,5.680329297919325,46.83740832737152,48.04812518598624,0
M0307,Series-C,Evening,Op-2,221.42270358611864,165.6084114491478,4.345589800440444,43.432351569138014,57.691737764592276,0
M0308,Series-C,Morning,Op-2,217.2754317010071,174.41689835893422,3.4902439220895873,49.60900750988626,57.91125696263678,1
M0309,Series-A,Evening,Op-3,204.36323669674033,196.3312292955628,5.0919247723768475,47.41343943604606,58.18350528107172,0
M0310,Series-A,Morning,Op-2,200.380034781682,208.26879458901914,5.900255590755426,47.100472452259204,46.277561530300545,0
M0311,Series-C,Evening,Op-3,201.20031326718262,203.14865292408282,5.619473176469719,48.034252966078355,53.82111625478524,0
M0312,Series-C,Evening,Op-2,206.13517972730418,172.66725867320588,5.104829707637313,55.28271782414771,45.43266362548739,0
M0313,Series-B,Night,Op-3,189.77207434801593,163.20573850066484,4.754181907183976,39.34555782337042,43.812196661489,0
M0314,Series-C,Morning,Op-1,197.42623462576654,182.11329370366806,5.403561298318655,47.36816038405727,43.69264914694738,1
M0315,Series-B,Morning,Op-4,183.3141592612241,153.4734095165572,4.513226900147766,40.368094350092306,46.84215241727188,0
M0316,Series-B,Night,Op-3,203.99223122605278,184.84751571277172,5.23817888467811,47.77756323171124,48.599152395596434,0
M0317,Series-B,Night,Op-3,206.4719593970274,177.78596120551998,5.252735079583314,40.406567442569525,56.61898342110137,0
M0318,Series-B,Night,Op-4,195.16813537700625,173.00945247197637,5.53010495374944,42.913165931974575,42.39782186945424,0
M0319,Series-B,Night,Op-3,215.7398676329003,156.07945399099808,6.379830019455539,43.52455042881047,54.698516947897886,0
M0320,Series-A,Morning,Op-3,187.7423433699766,187.70400159854574,5.1962079835893835,49.87908359672355,50.62909828378611,0
M0321,Series-C,Morning,Op-2,185.3562511979018,172.00948740507133,4.745518187146251,49.59227221971207,45.758906853519846,0
M0322,Series-B,Evening,Op-4,202.24451818559973,162.45124746434567,4.987212843904003,38.77141311776808,49.856391690656494,0
M0323,Series-C,Evening,Op-1,210.47098302612156,136.91606680077527,4.115462047555441,45.27467055499925,45.99884139554045,1
M0324,Series-C,Night,Op-3,216.83927691457868,179.58727642424046,4.652643434455471,41.45210072625414,51.92163910476612,0
M0325,Series-B,Night,Op-4,195.4111573713106,206.58377395004615,4.795358780943448,38.70747544662333,48.676878457104884,0
M0326,Series-A,Night,Op-2,210.78680833431295,204.91888821821806,4.737955801032704,43.91491474787815,43.28811058157758,1
M0327,Series-B,Evening,Op-1,199.61491530499293,173.14355615120593,5.076177436016861,43.4575860577209,42.331661491113934,1
M0328,Series-A,Evening,Op-4,198.2737270005918,170.96681909457328,4.5887900338089,57.13358243172761,50.9339136414426,0
M0329,Series-C,Evening,Op-1,208.83659937486672,187.03161384112536,5.560515333662236,47.16479912680348,58.04826066572207,1
M0330,Series-A,Evening,Op-1,206.5232287841342,165.02421841217563,5.000103532459098,38.11191249622881,46.879153731153714,0
M0331,Series-A,Evening,Op-1,184.2360784301575,184.526878497292,4.995349839430687,42.17612997914529,54.66000214445246,0
M0332,Series-A,Evening,Op-3,214.76540349725894,191.49120417577035,4.836052641743541,50.106916477146996,53.17322709879534,0
M0333,Series-C,Evening,Op-3,213.80091354147453,198.4039983582646,5.07759534192949,55.442213864349625,58.63109828618962,0
M0334,Series-C,Night,Op-2,193.74437298490471,178.4976888528007,5.412549132333817,37.07008343881021,56.419620345982814,0
M0335,Series-A,Night,Op-2,203.9580353343741,176.9448937473455,4.5664348921445495,35.60037807430477,51.33210517810926,0
M0336,Series-A,Night,Op-4,204.9403018628274,166.83026119865158,4.670941755462372,54.35482587685891,53.14060996468215,0
M0337,Series-B,Night,Op-2,202.60673765823907,167.5967946894021,4.848136985611668,46.94807088685452,57.9677293316807,0
M0338,Series-A,Evening,Op-1,194.4969484615458,176.6028166214771,4.327064538263393,40.65853634061817,47.9903756917387,0
M0339,Series-B,Morning,Op-1,193.2837663206195,185.51048260224266,4.590371070139251,47.67314543061217,46.53589411715555,0
M0340,Series-A,Evening,Op-3,199.74445929008556,193.70376939349873,4.761889563227671,31.821261304915613,40.216221672703924,0
M0341,Series-B,Morning,Op-1,211.72729019259364,167.95231573979484,5.437194590356364,45.0168775329858,56.531021483829285,0
M0342,Series-C,Night,Op-4,205.43600154594432,202.39032853439284,5.131280664500963,46.63910586421542,56.0196140080673,0
M0343,Series-A,Evening,Op-1,196.29385667913894,175.93314598436146,5.096794955683772,49.621350697689145,42.08909036200303,0
M0344,Series-A,Night,Op-1,207.71698710648346,179.67949058477345,5.425448981083986,39.93052023853731,51.537147622654004,0
M0345,Series-A,Evening,Op-4,171.51457379369924,168.79182481278264,4.931314105800301,45.4284358070168,49.279633963337744,0
M0346,Series-A,Night,Op-2,211.48765700372104,143.63639609590587,5.195232424964445,40.37287686970206,42.37418191018223,0
M0347,Series-B,Morning,Op-2,182.602862212219,193.26068094541574,4.948389123533752,46.27691877837159,59.61136454121447,0
M0348,Series-A,Morning,Op-4,196.37559058596867,191.0526584563865,5.132681174699814,40.52326838818488,44.29391774926711,0
M0349,Series-C,Morning,Op-3,188.80330105373855,175.7800866432268,4.708620671194209,42.959495804198895,41.34468360181123,0
M0350,Series-C,Evening,Op-1,187.05318524279093,181.00486075837307,3.7805914208617857,40.020923026048855,51.896947590038195,1
M0351,Series-A,Morning,Op-4,211.6082678737852,187.7390882655615,4.932860418906848,48.255681209118286,54.77733354266066,1
M0352,Series-C,Evening,Op-1,195.3229879868811,156.56181214670187,5.71137406804997,49.29225558328333,40.64886892094374,0
M0353,Series-A,Morning,Op-3,203.46503881730715,172.06420983980559,5.463107701120796,43.82689715021293,53.174352774540445,0
M0354,Series-A,Morning,Op-1,199.53079421120816,191.91397019432742,5.482698742295585,45.19118997480014,50.64583751902909,0
M0355,Series-C,Evening,Op-4,204.7704082722312,161.18565865246126,5.618065360903109,37.75704292683228,42.065300177500966,0
M0356,Series-A,Evening,Op-1,200.76821891060254,184.40336898249944,5.044328795480719,43.50161675996606,43.45047753892724,0
M0357,Series-C,Morning,Op-2,187.1700777581143,159.65127293064893,5.0986578537027984,44.74897691479128,51.35948594632161,0
M0358,Series-B,Evening,Op-3,209.9626681944714,186.99644973650288,4.691174052282825,58.103965455149876,45.927152270265765,0
M0359,Series-A,Morning,Op-3,195.0624341683869,179.46537776553774,4.841963571986475,39.440164871129184,58.76631457302632,1
M0360,Series-B,Evening,Op-3,184.43418101340248,155.77302276141737,5.307885574885571,52.320886193762185,56.37480458968101,0
M0361,Series-C,Night,Op-4,195.71884839034087,197.47109031685758,5.6019422185844086,49.98429386732904,59.67134413027326,0
M0362,Series-B,Night,Op-3,215.0075979063431,168.98112634802928,4.9302768621595,46.40318202245068,45.19341677900828,1
M0363,Series-B,Night,Op-2,208.50221742113493,167.8462134447843,4.774905367574294,53.793102420975664,59.39447265595954,0
M0364,Series-C,Night,Op-4,196.5134786559214,183.00853795846413,5.000263979428299,46.860527363034315,48.624677395831156,0
M0365,Series-B,Night,Op-2,196.5074229568157,197.22956024143073,5.300603374464558,46.945795978339646,46.95037590627509,0
M0366,Series-B,Morning,Op-1,196.78364948782618,164.76267271532404,4.278072591933229,44.73439673491227,41.00699053938706,1
M0367,Series-C,Night,Op-1,220.7674798356084,180.92519774771958,3.851909523431381,51.117844412093135,41.05530515719205,1
M0368,Series-B,Night,Op-1,203.81935452231554,186.43224750495858,4.724731575254208,50.482346169054416,53.84022511893309,0
M0369,Series-C,Night,Op-1,204.3004164719107,190.39658410894717,4.389643787042921,41.87161356251894,49.158579888680556,1
M0370,Series-B,Night,Op-2,210.30283454031843,182.6466233291584,4.7459299011763445,38.40376402700616,44.530432520722115,0
M0371,Series-C,Evening,Op-4,202.38789159026513,174.49458241375015,4.926109840591264,43.98509681302171,52.279406126504654,1
M0372,Series-C,Morning,Op-4,197.40957854179297,167.5861466902692,4.7733757954884934,40.99980717801177,45.05716236500222,1
M0373,Series-B,Night,Op-3,198.0365015091502,181.29215824569562,5.726233767235373,44.68237712692322,51.55263508688845,0
M0374,Series-B,Night,Op-2,199.28398740585936,163.91791482021588,5.16337238230116,51.187190673420695,47.18417493965381,0
M0375,Series-B,Night,Op-1,199.62777763490158,136.1797427475809,5.150237179805414,42.71349172456605,56.471044532236384,0
M0376,Series-A,Morning,Op-2,207.2762954363698,186.548397062365,5.311103572021701,44.78588309344212,56.413923215335586,0
M0377,Series-A,Evening,Op-3,200.519458858073,193.55902261629294,4.430583441109615,45.290113674041976,49.54700796244803,1
M0378,Series-A,Morning,Op-3,207.32640077215578,144.55601346687243,5.519555893710134,49.242154411026426,47.01638218670031,0
M0379,Series-C,Evening,Op-2,199.19283419891417,164.85403942935093,4.96211785673227,33.765553330076976,47.25119593118189,1
M0380,Series-B,Night,Op-2,200.78635190316092,189.28731391507796,5.335240308620606,41.96649852617352,56.11429051336436,0
M0381,Series-C,Night,Op-2,180.01799315467892,210.8624320456755,4.464071383479922,46.056418461397364,46.56358965595224,0
M0382,Series-A,Morning,Op-4,209.1632767470248,180.3119056151311,4.2231206169919675,51.00039478213431,44.18118747413692,0
M0383,Series-B,Morning,Op-1,203.46488475897993,169.079955881563,5.408944829012515,42.54048776246898,41.69376683750614,1
M0384,Series-C,Evening,Op-2,209.98010109859652,177.2565533834274,5.188204763048758,35.617236469790626,49.33386241768817,0
M0385,Series-B,Evening,Op-2,171.0374462180631,200.62314628722277,4.548974222821244,48.09855722983068,49.64264197839684,1
M0386,Series-C,Morning,Op-2,220.88374704780728,170.31053731313196,4.565168459362653,41.82318805587185,56.818174208058146,0
M0387,Series-B,Evening,Op-3,198.60410371844827,168.0121199002462,5.562717392207385,39.0516667045482,44.42477392892128,0
M0388,Series-A,Morning,Op-3,211.08182816737516,172.75884716726952,4.405294053566336,41.87827305143388,47.619825473367996,1
M0389,Series-A,Evening,Op-4,189.6009407287447,165.70007087611933,5.821336476627982,44.077373211720754,56.16811477787382,0
M0390,Series-B,Morning,Op-1,206.1277390506257,181.84005473992192,4.549689632676065,41.97627667730894,56.47247221497947,0
M0391,Series-C,Morning,Op-4,189.46584436826345,204.3701768770434,5.319195962804192,33.97216971450465,47.69222151957536,0
M0392,Series-A,Morning,Op-1,193.76231039304196,184.84618909674043,4.835690762125508,49.48533098443566,49.18248046573362,0
M0393,Series-A,Evening,Op-3,219.14031353866787,176.2146974681057,5.301593715541172,51.37437520639361,46.06571781698566,0
M0394,Series-A,Evening,Op-3,198.09317599236653,175.62283096626683,4.727942998942904,48.25760995669753,58.65109756838624,1
M0395,Series-B,Evening,Op-3,202.17432873179723,156.55213786955014,4.918603546963853,39.311571647875915,42.3728753148316,1
M0396,Series-B,Morning,Op-4,208.70067730688754,193.24664665720738,5.020459587697861,43.99254233026241,58.6749884600294,0
M0397,Series-C,Evening,Op-2,204.95681887972606,178.83244204480798,4.498906272109264,44.96739342385271,53.677329036706865,0
M0398,Series-C,Evening,Op-2,201.50418905143576,177.29280129614062,5.370412172710063,47.99397194780955,50.63144305373462,0
M0399,Series-C,Morning,Op-3,203.64961002466225,227.8966135176729,4.743393216764208,48.34170244359041,40.65318121568992,0
M0400,Series-B,Night,Op-2,224.03415585238275,184.4812936254853,4.885700042329991,41.329131006107524,49.51192383644017,1
M0401,Series-B,Morning,Op-2,199.42381202966413,168.72313424857222,4.502825312695744,45.4099777820678,48.15496210005465,1
M0402,Series-C,Evening,Op-4,202.01099046714967,173.60463605691686,3.7188331706023448,47.28640202307621,43.22437623950245,1
M0403,Series-C,Morning,Op-1,210.50654396007613,197.22668563795133,4.904486118699915,52.279111610733835,53.128192070013135,0
M0404,Series-B,Night,Op-3,211.05525932957983,181.69905615806647,6.206307710806458,48.522532699123616,59.42301814736572,0
M0405,Series-C,Morning,Op-3,211.8703030556038,158.4258303252395,5.392302143949012,48.945283436877595,51.2437762212905,0
M0406,Series-A,Evening,Op-4,206.38730222029184,193.78843401862804,4.990369810132803,45.4191331396468,54.295065528878915,1
M0407,Series-B,Night,Op-4,188.56995087269516,169.9778387169151,4.8685545853958665,52.05229572601752,41.36900905132033,0
M0408,Series-C,Evening,Op-2,216.33431532301097,208.09946664326318,5.0112329464060235,47.04881397979749,48.35333991633989,1
M0409,Series-B,Night,Op-3,188.5365460698131,196.20072098571973,5.273559557587605,40.69456044913215,42.32716970328992,0
M0410,Series-A,Night,Op-1,203.02635465239032,173.29017156511873,4.409593592345578,52.01684985062595,52.255916710730204,0
M0411,Series-B,Morning,Op-4,192.45724149980643,199.21524542602668,5.557160847334436,48.48951636269514,58.76964316428309,0
M0412,Series-B,Morning,Op-1,199.35861653407008,181.01783265791104,5.357690657720622,42.78477989435759,53.23555464943277,0
M0413,Series-B,Evening,Op-1,203.2876241030348,192.7916051268333,5.359092862853967,42.602535163003786,41.53606096628843,0
M0414,Series-B,Morning,Op-3,203.21357215450274,187.2709922594171,5.219237869404863,46.48287772570381,47.093324099701654,0
M0415,Series-A,Morning,Op-3,204.21920754235285,167.30465017513689,5.009808328846995,47.31592397633792,51.01326758881703,1
M0416,Series-B,Night,Op-4,216.13711269058646,170.34675251523808,5.33643061798341,45.98646132815603,48.06415512266504,0
M0417,Series-B,Morning,Op-3,204.5353430151398,195.44941226371742,5.295907066870689,46.556543367214424,56.67288020950345,0
M0418,Series-C,Night,Op-3,197.55843364709352,174.97837001840188,4.822979644529488,53.499786872881906,56.29342009419978,0
M0419,Series-B,Night,Op-3,209.64087168288358,173.94527305137004,4.71319911355155,50.357715761174425,52.23662040206443,1
M0420,Series-C,Night,Op-1,211.8947048892464,165.6731613097597,5.0509281476309935,45.95317795632512,47.46915890265411,0
M0421,Series-A,Evening,Op-4,187.72392184863008,186.3539859839019,5.774510075747593,49.70655290383742,45.10672747526488,0
M0422,Series-A,Evening,Op-2,205.97400069849857,210.93787378864718,4.380446462173049,39.8373804823623,42.11748636426259,1
M0423,Series-A,Evening,Op-1,207.011727423109,163.9870062861859,4.26623736712378,46.98963524973404,47.09795366973108,0
M0424,Series-A,Night,Op-3,197.02436496640007,180.36329185009137,5.082380420618258,54.04653174866555,48.26345034415439,0
M0425,Series-C,Evening,Op-1,213.7570681331162,201.18330833123144,5.025443850928009,43.909770523038134,53.51645850208147,0
M0426,Series-B,Evening,Op-3,198.49944412967474,178.80537913131428,5.086670832185204,40.761830356904575,53.16319648595147,0
M0427,Series-A,Morning,Op-3,201.25576453471544,186.785576943746,5.12197659895425,41.7395555570347,41.40216279282514,0
M0428,Series-B,Evening,Op-1,198.2692817571613,164.06409707779682,4.888398872682598,39.55183481328806,47.90518630862316,0
M0429,Series-C,Evening,Op-4,200.15579047581468,186.42460645811474,5.744931719301041,41.076190459361484,43.63557734434724,0
M0430,Series-C,Night,Op-3,189.037249131048,177.19283602493178,4.199548010761742,43.14745950704985,43.13625410633611,0
M0431,Series-C,Night,Op-4,185.59949117405705,194.78594993519795,4.585751487609877,37.97216490410679,56.546042994744916,0
M0432,Series-A,Night,Op-2,215.94505063224972,197.81079077347127,4.948372619925476,45.07809166974801,40.83830433432515,0
M0433,Series-B,Night,Op-3,191.53038651681672,218.8434546302792,4.178405594422917,49.51138586893324,48.383657518042426,1
M0434,Series-B,Night,Op-4,190.08607650543692,188.69449759820364,4.912072797783964,40.4612190992654,43.36407311533036,0
M0435,Series-B,Night,Op-4,178.46609886396286,184.8869447487325,5.830735082864009,52.59641961820884,57.58660431356948,0
M0436,Series-C,Evening,Op-2,193.610382523105,182.91576452366004,5.0104432441479805,47.55396044263797,51.140810265500704,0
M0437,Series-A,Night,Op-4,186.769102065925,174.70250560783967,5.115350452859341,50.152902928120284,44.62761272753696,0
M0438,Series-C,Night,Op-4,216.4201516013637,185.07725765192538,4.3699176174137095,41.71082723073931,50.04854574332753,1
M0439,Series-C,Morning,Op-2,210.09817089342633,175.56897884791456,4.691819295980261,49.27262613533308,54.62972719406232,0
M0440,Series-B,Evening,Op-3,193.11849654822277,182.5269146440442,4.812401809838032,39.54033049802344,59.162360178388674,0
M0441,Series-C,Evening,Op-4,222.52435805344308,199.7639630341194,4.841142451621883,49.451237504182544,44.40892008490838,0
M0442,Series-B,Evening,Op-4,209.81765486991594,164.90186152080537,5.640821897501884,45.85919669896766,57.723635442586904,0
M0443,Series-A,Night,Op-4,196.75168616491376,197.09817841693567,5.278845530362562,47.76625609992392,58.686082283349805,0
M0444,Series-B,Night,Op-1,175.00594285126428,199.756726010098,4.444271021531484,39.12202697187574,58.32841089064132,1
M0445,Series-A,Night,Op-2,222.90942572590743,178.22897209513383,5.1232523892160025,40.524650788616974,52.708287137238194,0
M0446,Series-B,Morning,Op-1,186.10427533236404,148.17217651487107,5.249110874248393,47.98614109126692,52.596413088694156,0
M0447,Series-C,Night,Op-2,183.54601253043108,170.88267019358352,5.570074519260634,40.258259978878996,48.06421266367646,0
M0448,Series-C,Morning,Op-3,210.2257043200964,199.45491819841664,5.790270343284186,47.316031460495616,55.04795764607576,0
M0449,Series-A,Evening,Op-3,224.39752406339272,179.65697906551677,4.492452904086066,38.16431096769877,50.62588036701864,1
M0450,Series-A,Night,Op-4,213.8427281851052,165.01046651557633,4.594571244394831,49.240871063333344,53.54876142456589,0
M0451,Series-A,Morning,Op-2,205.6390912005236,172.42837618157674,4.371211070542692,38.83738342615745,48.56915807697591,1
M0452,Series-B,Morning,Op-3,205.94754341665285,192.6093003975683,4.8829900704465095,47.76149968839762,54.62992928086278,1
M0453,Series-B,Night,Op-2,208.53415558780307,188.2010035230207,5.233179187223167,48.12815466823,56.489430352090984,0
M0454,Series-A,Evening,Op-3,207.58928589786765,176.41601851245457,5.4936672582945505,41.516140907852126,42.92872513205632,0
M0455,Series-C,Evening,Op-1,202.81191423969375,174.49763382277968,4.962024488178739,47.91013283542363,56.65859431148456,0
M0456,Series-B,Evening,Op-3,201.04201103951877,174.12362776434267,4.840076238372578,46.30221131666778,50.80593063580614,0
M0457,Series-B,Morning,Op-1,199.3740687210048,166.16384723252247,5.07587899612437,42.30579071903631,56.89331818180449,0
M0458,Series-B,Morning,Op-3,192.46035411133323,204.23063534204164,4.582428549184988,39.95722657961896,48.626034126820294,0
M0459,Series-A,Morning,Op-4,197.19324923133226,175.1651929618299,6.044769360847386,35.1868715416371,47.5808097076607,0
M0460,Series-A,Morning,Op-1,183.07043185804613,198.25737781238246,4.19616948644097,46.74825023649847,58.30121465034445,0
M0461,Series-A,Evening,Op-3,199.0166037320525,202.81974077883677,5.092370289447862,37.175986143189725,45.02338535096803,0
M0462,Series-A,Night,Op-4,190.11408892849082,194.97466347221942,6.01180310961482,45.47672099720654,56.884246505722864,1
M0463,Series-A,Morning,Op-1,188.9641068278423,173.52569530922926,5.003399922279999,43.68275891958876,49.68041145018808,0
M0464,Series-C,Morning,Op-4,201.7989415115348,186.05595135504913,4.904980482499253,48.39571387719098,50.28190885102519,1
M0465,Series-C,Evening,Op-2,213.92002286344598,179.63706590413625,4.8212772885947865,43.48977250255068,46.16936562978968,0
M0466,Series-A,Night,Op-2,209.18316606002313,166.44447208904808,4.909804159118796,43.35276106826454,51.46084401238031,0
M0467,Series-B,Night,Op-1,184.29499396376823,184.86538922582403,5.686424237338265,48.659353521441474,46.50422392552423,0
M0468,Series-A,Evening,Op-3,190.10371863429663,162.31440313260296,3.8940690443352466,46.67529014542059,40.78538828483305,1
M0469,Series-C,Evening,Op-1,209.40771187988216,197.81519082692347,5.766716850648162,46.58077978591389,45.43997210688712,0
M0470,Series-C,Night,Op-4,190.1751260646169,173.0307405405241,4.288021423774928,47.34633794904263,40.127580868131815,0
M0471,Series-B,Morning,Op-3,197.75366850002976,183.0173948380926,4.866673835382793,37.32213938396447,59.56709574113713,0
M0472,Series-C,Night,Op-2,205.50052099024552,184.24931807319214,4.785377789850669,48.78394339993491,59.31494419639495,0
M0473,Series-A,Evening,Op-3,190.31655545136366,176.11642539443883,5.29427663488536,48.062343970068014,47.9031059494461,0
M0474,Series-B,Morning,Op-2,201.0537550614596,188.80040702212912,4.200937824058126,39.916584357117515,54.56741708679292,0
M0475,Series-A,Morning,Op-3,186.65974505081795,172.87644515066214,5.231086333040971,43.779597631628995,46.9161219682085,0
M0476,Series-A,Evening,Op-3,193.98632356048788,193.06945946185866,6.012154811643426,44.80346356186185,53.42186314171952,0
M0477,Series-B,Evening,Op-3,203.19781934142537,159.81030479629877,4.318412997703595,44.32751607799133,56.10860086091958,1
M0478,Series-A,Evening,Op-4,184.07006266468332,181.89569369319616,5.094853083805198,46.669299832842675,58.935124893844815,0
M0479,Series-C,Night,Op-4,204.404747379604,209.08393498587427,4.669008911101695,52.15683390915592,48.00424551699344,1
M0480,Series-A,Night,Op-1,199.8036220107332,164.99503013091638,5.212943603096518,50.40883363836414,55.66595965912095,0
M0481,Series-B,Morning,Op-1,205.5248995441715,169.83382544212722,5.009573888707876,38.43890403284297,45.31856901264238,0
M0482,Series-B,Evening,Op-2,202.23914134064663,187.70861774488372,4.679256545477845,48.110349951530246,59.80664607587297,0
M0483,Series-B,Morning,Op-4,213.64140429973844,182.69372672909398,5.243936142435537,51.644666597677045,40.515391975287024,0
M0484,Series-A,Morning,Op-2,201.25224502647907,185.25945148910338,5.902174054893371,46.93404260344602,52.07057613002242,0
M0485,Series-B,Morning,Op-1,195.70594458874746,187.33780695221495,4.90454810413635,50.454902125929834,53.19011963302654,0
M0486,Series-B,Morning,Op-2,201.22297503032283,189.52082202842655,5.359878971074091,55.06135222850383,53.76091114148258,0
M0487,Series-A,Evening,Op-1,205.43298029036387,196.64549762934334,4.353363521064418,50.11854773053491,42.40775157578178,0
M0488,Series-C,Morning,Op-4,200.48860070325705,186.1472798539277,4.521781811590996,46.246542978208645,58.77059566946261,0
M0489,Series-A,Evening,Op-3,200.40591691203883,176.38113518072186,5.236203138940189,50.225442370423764,43.62366558100165,0
M0490,Series-B,Evening,Op-4,192.98008312193244,190.08860551804096,5.7420580142679825,45.724439165484455,52.45506806479682,0
M0491,Series-B,Night,Op-2,193.37099082449052,208.49822902342822,5.17780667439283,45.11951521642478,44.4535215824617,0
M0492,Series-A,Evening,Op-2,185.97394728200305,178.0104938042614,4.843470984738423,43.242928821431335,46.14432834042542,0
M0493,Series-C,Night,Op-4,217.49576743186938,165.38206042994037,4.999645702711677,52.81706679416054,50.929170834562484,0
M0494,Series-B,Evening,Op-4,187.56136764608715,196.60621003930459,4.374796133015141,40.907856670289995,48.34386837129153,0
M0495,Series-B,Evening,Op-1,193.07094802204094,178.19428254069604,5.302257663177683,52.66183862339058,43.20451201953013,0
M0496,Series-B,Evening,Op-2,192.81592734430802,147.40995680978946,5.441166531161705,47.49932061870186,43.418728048416966,1
M0497,Series-A,Night,Op-2,208.94924376944442,192.7113251572563,4.77395483358346,38.00346912599029,48.36289576325599,0
M0498,Series-B,Night,Op-4,197.05050321707972,171.97007721069116,4.764978926120249,46.83824646495711,55.145659565510016,1
M0499,Series-C,Morning,Op-3,212.47742072673734,178.6420007654376,5.132939114826025,34.49986746174188,57.95929293695577,1
